LEDVEKKKRSLGPKKMFQNPG,ABCC2_m1
DDNQAPFFCLRVRCGGWLCGWTSSASPSSPPRG,ABCC5_m1
QQQQQQKKSEIPEKAGGRRMWMMMEKRKSSWSVLRSSQCQPVMRRMKYPPQNPAEGRKPRVVMFLQP,ABCF1_m1
QEVVVHKKRGLF,ACVR2A_m1
SSKPAAKKRLPCKVTESS,ADNP_m1
KVIKAKKKHREVKRTNSSQLV,AIM2_m1
SPSKKQKKREKRQAVNMMCQHTMI,AKAP9_m1
IIEELEKK,ANGPT2_m1
WYRLQEKKWKKTQADCFFGLLKKIGLPQCGDSFLKRPLT,ANKRD49_m1
YLEWINKKTSRIFPA,APAF1_m1
NVSEGEKKQRKVVKNPSQPVPLRNDGITNGNDSTRSCSISLKKSLEKMPLM,ASH1L_m1
GRSNSKKKGRRNRIPAVLRTEGEPLHTPSVGMRETTGLGC,ASTE1_m1
ATTAIGGGVARVEVAAGPPMREVAEAAAVVMVVRPVATLSPGEARAPLESVRQIYSEHNYCRLIL,ASXL1_m1
NYRSRRKKN,ATG2B_m1
KWLLTIFF,ATG3_m1
FLFLLKKKYLVQ,ATR_m1
KRAEQLKKAS,B3GALTL_m1
CSCESSGGASPSPSRNKSELLTSPRPLTLQS,B4GALNT1_m1
TGNGTRPPQLPMQRHLPLVLGRPHPWLRLLPMSSPQLRGLPRQVQLPRQPPATRGSSGFPTRVWNPWS,BAG6_m1
CFFFFPFFCSVGA,BANP_m1
PNVKVAVFLVVCLSRRMKRC,BAT1_m1
RRERDEKKMLT,BAT2D1_m1
DRAGRMGGRHPSWPWTRCLRMRPPRS,BAX_BAX_m1
FDHLRAKKYSVEKTLKKFLVEHQVEKGLENC,BCL10_m1
VTGVATKKRKMQSLNHPSRLTN,BEND5_m1
ETPRLGKKMKALISQEMFSQALL,BLM_m1
SSEEIKKKSTTKCQSGTAETYNSWKVKNLQLEPRRVTSQMNRQVKDMTAILSQS,BRCA1_BRCA1_m1
DVILDRKKIQNLGKLWTLLYLKSL,C15orf48_m1
RIDWGRGGAKREPTREQGQERPFWQSSLGRQGRRRHLWCLGF,C1orf34_m1
NQFFTIFFSCQLNLGRKEHAKIFTFFFQLDTMDGNPGELTLELQTLQIKQSQNALLPAGPLTQTPV,C4orf6_m1
TQVVNAKKMPFQ,C6orf80_m1
LELLSEKKF,C9orf82_m1
LKGTKKKKDLTP,CAMKK2_m1
WSMTSDIFLTTLSFVLIEE,CANX_m1
WPQIIQKKQTEIVSGILAYC,CASD1_m1
GYSVDVKKISLLRT,CASP1_m1
VKKDNHKKKQLRCWNTWAKMFFMVFLIIWQNTMF,CASP5_m1
KEERNQKK,CCDC168_m1
ERKEKEKKGHREGSESDNLGLLYSFPP,CCDC43_m1
LVIVVLFFCVGCQFIVPTRGAPLMARVHTEHSRVLLSPSFTC,CCKBR_m1
TIPDKVKKSIFLAKESSGRAYV,CDC25C_m1
QAEGSLKKTSRILNLQVLKKILRSFMKLYHSLVMCLRLRTKLEKALSALFIWPQHSYK,CDC7_m1
LLEVCKKKNDGT,CDKL2_m1
FRTCVKKKMLNQKCLAPF,CEBPZ_m1
ELDTMSKKPRHWISCLKK,CENPF_m1
RLSTALKKTWRKLADSLVCSWIT,CENPH_m1
AIKKKKKKRKRKTRRTETPPKVRWPWVPH,CEP164_m1
ERLDLKKKFVKWLKKEEKEVQLQD,CEP290_m1
PNARRIKKRSQNHQKRKVLGTILVHNHIIDYAWVICHL,CEP57_m1
PVDPEEKKNTA,CHD2_A10_m1
LEKSPMKKNRRRKRTRRTRRNK,CHD2_A9_m1
ESEPEQKK,CHD2_m1
QKWQRCKKIIRQN,CHD8_m1
YSDWKEKKHTSTLGKKSILLL,CHEK1_m1
ESNNKEKKYKGRKERKTSVQGITTVILKRRTSLRRESFMKNFLAVTITGKKPRKSPGS,CIR1_m1
LEALDGFF,CLOCK_m1
QAKPSSFFCRCRREYRVTM,COBLL1_m1
TDQTVSKKTREKIKQPVAQWVMITKRPKENHQRKRRNVNIKKRLRIPSLRKYRQ,COIL_m1
ESRFNLKKMWRRSIGSGSQ,CRSP3_m1
VMGPQEKK,CTSC_m1
NIIRQEKKMTWQICTSYSVLCPLVYLI,CUL2_m1
NTYGMWGGRCWVWQAS,CYHR1_m1
LLKKSMKKICQVIKRL,CYSLTR1_m1
TSAGEEKKLTDFFVLWKASGTIQFNCK,DIAPH3_m1
LSSFYFFFLLLFLSLPTSHPAINILILQLILKHNKTKQ,DNAH2_m1
LYFMIPFFSPLWDCSTTTGTHHGCLWEIPSVTLLA,DPAGT1_m1
RKEELMFFCGHQN,DSTN_m1
AVQVTKKKRRNNTRFQQMTNYCMILKKITEIRPGLMHREGVTMVWDHRDHVNNSLFQIVMLS,EAPP_m1
YCWLYLFFLTVCGF,EBPL_m1
AMESQVGGARPARPCPTGHSLVQMEPLTTARPTSSSTTCPRT,ELAVL3_m1
CNSNDGKKREWEKRKQILGGGGKYKEYFLKRILIRKAMTVLAGDKKGLGRFMRCVQSETKAVSLQLPLGR,EPHB2_m1
PHDTKVKKNYGHCNSPLAFLTQLLPRPTSNPWWMTRRDPFCGGNLISTKLENFVSGISAGTERRQMNLCFLY,ERCC5_m1
AAQKCHKKT,ESRP1_m1
HFLQGAKKITFL,F8_m1
EMDISKKKHYNRKISIKKLNRMKVPLMKLITRV,FAM111B_m1
VNLVMYFFYMKKNLTPSFAMKYLPPICTLGDQ,FBXL3_m1
PRDPTKKKRRS,FERMT2_m1
LLVEGKKK,FGFBP1_m1
GDHSVLQKN,FILIP1L_m1
SPHVQIPPTCSPQSLLSSWRSTQPHVPPSTLWGVRMTSLSASTSLW,FLCN_m1
KCAFQPPPAVFASSRPTSPASCRRPPSSWWR,FLT3LG_m1
NQNKTVKKIPSLNAQWMFLRI,FXR1_m1
NHFSFEKKRPEWLS,GART_m1
LQKTLKKKPRDICRIS,GBP3_m1
NNKLSSEKNS,GCC2_m1
GTSVLLKKIASTFYLDGNVSS,GINS1_m1
QVIVSRGGAFWKPPSQGISSCLMTGCW,GLYR1_m1
QVIVSRGGAFWKPPSQGISSCLMTGCW,GLYR1_m1
KEELKEKKLRLAVLVNN,GOLGA4_m1
SESKPPKKRKRKGGRKRRKKLQHLKGMMQMRSTQNMLSRTSEKARRRKGDIKKERSQMKERVQLKGMRRRTLQEQVGLGN,GPATCH4_m1
ACKKLQKKE,GPRK2L_m1
YVSLAGKKNMEHRLTMDSALSLTKREGPET,GRB14_m1
SQGGGKKKSATTTTVILEIIIMDRVIP,HDAC2_m1
TDGHSEKKRKK,HMG2L1_m1
LRCQLAKKNKVRQNFKRN,HMMR_m1
NRRMKEKKLTETVYSTTQQIHSSKTPAAGIGWGASYT,HOXA11_m1
QGLYPGGGAWRARARPASTRPAMGSSRVPSTCTARPLSRTSPGCVPATPPRRRAPRSRGTRTWRPRVTSGSTPGCEAQELTANEAARPTPATRPWSWRKNFTTIAT,HOXB7_m1
WLEGGTPPWMPFR,HPS1_m1
TQVRLAKKTLTN,ICA1_m1
LKMNFTGGTLAIRFISAPQPSSSTVTAAPSGQYF,IGF2R_IGF2R_m1
PPPKMPPPRS,INO80E_m1
LAAQRRKKSFSKQWQNFTFKQLNFFNFYFLNNGLKINSIKRLSLYNTYVHN,INTS8_m1
KQKLPKKKRSIFRGHRSWDLPIIVNLS,KCNC1_m1
SNMSSKKKLLKKSSQLRRSWRNVSRIS,KCTD16_m1
PKSSSQKKDPAGKLKK,KDM5A_m1
VYSVPHFF,KIAA0391_m1
LGFQIKKKLKDCISTKPISGIVP,KIAA1333_m1
PSDQVQKKLLFIPTGISLVETAREQLFRG,KIAA2018_m1
PCTLLAPPSPCWAWTPGGWAAS,KIF22_m1
HRWCSKKKCCCNEPRACGTQNSEQGGL,KIR2DL4_m1
CVSVEPKKRNKKTKLWFSLINIHHRKNPLLPMR,KMT2C_m1
TAKHVFEKN,KNTC1_m1
ASMASLKKQYPK,LARP7_m1
PVFLLIFFPLSLPPSPHSSLGSAQVKRFPPPSLPLLPC,LENG8_m1
RARATTKKSRTSQSWKAGKSWKIMRRNR,LIG3_m1
PESRAPPGPQERARAARMMRAQ,LIMK2_SMT14_m1
QQELDKKKRNSRRATPTSKGSLRRKYLRV,LMAN1_m1
RLSNVAPPAFSGRILHQPEMAAMRLMPKFLNSTNSWWT,MAPRE3_m1
SNETPKKKRSAFPSRSLSS,MARCKS_m1
SAICRYFFCYLAGSKMTSLTSGWNGKRQSCSQLCLLPCTI,MARS_m1
ENSLVKKKKDH,MBD4_m1
HLSSLIKKNVNVCSPKILILKHQKMIRDFRRNLRKWLKSYKGKKQI,MCPH1_m1
LLGQEGKKMPTCSSGEAWACSPFHPLRSQLGFYLSNSHKVPYPLPHLIHTRLSQEVALPGRTMWERVFP,MED8_m1
ENPIIIKKLK,MGAT4C_m1
TPNRVEKKNCSIPTYVKKRKTTNHSSQMTVH,MIS18BP1_m1
QCLDNSKKMNLPFGSFMSQ,MKI67_m1
QTEKEKKKNLAIVEEEMFLVMGELNYVPLAL,MLH3_m1
SGQLPNKKIAERI,MLH3_m1
QLEEQEKKSRKLMSSC,MNS1_m1
KENVRDKKRATFLLALWECSLPQARLCLIVSRTLLLVQS,MSH3_MSH3_m1
LLPEDTPPS,MSH6_MSH6_m1
SLVLEGKKTLVMVATVKLFL,MYBL1_m1
KSKLRGPPHRKLRSDAPGEETRPLSFLLEGLEDVELLKMQMVLRRKRTLETQTSMEPRPVNKQLSTVLHHGKKTKNQNKQTKKTQQQPRTKQNPADCT,MYH11_MYH11_m1
KSKLRGPPHRKLRSDAPGEETRPLSFLLEGLEDVELLKMQMVLRRKRTLETQTSMEPRPVNKQLSTVLHHGKKTKNQNKQTKKTQQQPRTKQNPADCT,MYH11_m1
GWLHKKGGAPPRCPGEIGRSAGLSSASPS,MYO10_m1
NSKLRYKKRGVIAWR,MYO1A_m1
LLYITAFFLLDIIL,NDUFC2_m1
YDLAVLKKRLRKKRKRRRRK,NFRKB_m1
NHPETPKKSLILSFQRVK,NIPBL_m1
IPLSDSPPLQDGSLDRNLGSPLMSEFRK,NKTR_m1
NKGKSEKKRKLP,NRIP1_m1
NKALLYKKMKMACGKRSLLQEVKKHELPKKAPSWPDRPLVGLARIQIWILHLLGLRPPSLLSVFQMTFIK,NTAN1_m1
VVRGSLFFSHCLC,OR51E2_m1
GCLSQIFFSLHLDAWTIYS,OR7C1_m1
LTKTAGVFLNHQKGKFMNF,OSGEPL1_m1
DVAFDEKKTSLWSSMPHGVVTANSWLPFGINWERRTRTMRTSSSPRWTRLPTRWRPSKCTASPHSSSFLPVPTGRSLITTGNARWMVLRNSWRAVARMGQGMMTISRTWKKQRSQTWRKTMIRKL,P4HB_m1
RKTQKKKKRRPPRLQRMPPVGKH,PA2G4_m1
SLMIDRIFLANGLWFNLIF,PIGB_m1
LLFLAVGGPWATGPSVPSW,PLXNA3_m1
LRTGEEKKTCPFPDCERPFLFVTQQRTSLTAQRLQNQEGAL,PMS2_m1
KVLQKEKKGGSE,POLD3_m1
SGYPCLPPHQRCP,PPRC1_m1
QDPALVPPRKLPQMPPSSMTKHLSGCRARGTEGEKKSTLWRSKVMTSSVGPSNG,PRCC_m1
PLSPPKKKFLIHLRKVDTHHLQVVTKTVTATTADGQRMRRLKCKACRLRWARPEPAAQAPPKSHFPPHPSGPSRTSSLQLR,PRDM2_m1
KLNALKKKIS,PRDM2_m1
VLLVRLKKQIVFMQ,PRKCI_m1
LNIITPPPHQMKCLTAVDCLQAFWDM,PRRG1_m1
LLWGLKKKRKTTEEHIICN,PTHLH_m1
FKTSGPEKNPSLALMCFLRRRSGLHPWTCFVQLTETSLQERLPHIVVVTLRQ,PTPN13_m1
KTRVDAKKLVLLNWLP,PTPN21_m1
IRPPQSPPRTARGVTARSPSGDGRGRLCRCQEGSSWTLLAGRQASAAYVETVHTAASEAPGFPHT,RAB40C_m1
STESELKKRKSGVMKCWDLCP,RAD50_m1
KEELINKKIQATK,RAD50_m1
IPKIAEKKVIAILSSMCQEILNRHHRRKEVRKLKQILFQVEETKSGRFWIKHDLVSCLQSYLVMEA,RAPGEF6_m1
QVAPPTPPHLLLSLHPSLPKLPQNPL,RAPH1_m1
AIRRYQKKRQPEAATKSCVRSSCGGPSGDEPPPCLQQPDPRALSQAFSRSFPLFPSLAGKSMI,RARRES3_m1
SLLQPGKKNI,RBBP8_m1
QELIQKKKS,RECQL_m1
PGREKLKK,REV1_m1
VPATESEKNFRRDFRKFSNRMISL,REV3L_m1
TITTPSKKN,RFC3_m1
CVSNTAKKNI,RG9MTD1_m1
SIAKIGKKNIRKLIWTKQRSFLSLFPKLRATEQMTNVGC,RGS12_m1
PPGTTPPGRSLPAGPSALPSPPSPSRRRAPPRSGRGSLRKWRPGASRRWRMSTWPS,RGS12_m1
QEYNKQKKNWQS,RGS22_m1
AETEQNKKRQTLRTLSLRGMVPRTL,RIF1_m1
FGVKNKKKLERFETLKIKSSKNICFLHVSVCPS,RNASEH2B_m1
TSGSEKKKGLMTLSKMIKKKKNLVI,RNPC3_m1
ACSQDEQKNG,ROCK1_m1
LVVKGGKKRSKF,RPL22_m1
TPWNRQKKAE,RTN3_m1
GLEVPRRPGARTGPATKDPTAVERANLLNMAKLSIKGLIESALSFGRTLDSDYPPLQQFFVVMEHCLKHGLKVRKSFLSYNKTIWGPLELVEKLYPEAEEIGASVRDLPGLKTPLGRARAWLRLALMQKKWPITYVA,RUFY2_m1
SIFKIKKKVYLHPLCG,RXFP2_m1
PHPHPHPPRTPTSPAATKSHSLRVFGWADALLNLVARVPSNLGDLFKSKVNPATML,SAFB2_m1
FINYCQKKLMLLRLNLRKMCGPF,SEC31A_m1
KKKKPLKKNLHLCYYHSQSNRNKSRQMESLGMKLQ,SEC63_m1
HAAKQKQKNGKLSPRTAVGAARNIRSSSFRSPHTSPFFGPTSGCLGFTQEPPLPQFPRTCHFMFLF,SF3B2_m1
GLKKGNFFSKPKRIKNLSLKT,SGOL2_m1
GKEPPLGGW,SHC1_m1
YQTTVEKKALRSMPKSRNQVLFRRNLTPSQLRTLAPPYMLLPQSLSQSLSRKQIPSQSMLV,SLAMF1_m1
LLSSVSFFLYHWPKDGKTV,SLC16A4_m1
AGIFGAKKCLVLVC,SLC17A2_m1
ELEAAQKKNLLCVKCSTCPTYVKGSPSCPLRDLQTLWPILALISMSSIWGTMFSCCRLSLVQSSSWPTVLHLGH,SLC22A9_m1
LSCAPPPPSTQ,SLC23A2_m1
VAKISFFFALCGFWQICHIKKHFQTHKLL,SLC35F5_m1
TNKEKEKKRKRKREKRSQKSRQNHLQLKSCRRKISNWSLKKVPALKKLRSPLWIF,SMAP1_m1
GSEPVPEKNWNLLFLRR,SMAP2_m1
AVPPGVPPLDPMAPHRSPTNKLLPQ,SMARCC2_m1
QFNFNKKKI,SMC1B_m1
QQQPLEKK,SMG7_m1
IPPKGEKKRSSRIPMHPRGLLWPFSCSALSIAQKSKENILACPLMML,SP100_m1
NPAMQEKKGQAFGSFSADFSAPQVTRLRSLNHLLI,SPAG9_m1
EREAAEKKRKRMKTGAIQEKGAIQEKGAMTKRICVVNFEACREMESLSAPEKITLFEAHMARCTSINVLCVRASLIEKLMKEKRKMKRNQVASPQIMQRLFIKGYQNNHFTFHLQNFAFFSSFGNNKYINILT,SPINK5_m1
EKIKLKKKGKGLTHPVPLKRTLQNKRNKNIRRKKRKKKKRVNQKKGNITKRKKRREKRKSILLHLIVLNSPESN,SREK1IP1_m1
YEMPYAGGVGAQLMAPLSPGATLTSTSCSTMSCLSRPGWAALQRLTWVCRRP,SRRT_m1
YGNLKEKKPYFWRTLQPMEMHFFFCQHFPSGPTRVPLSKYTTRSKSLKQDKRFYFSIPST,ST8SIA6_m1
IAKMDRKKN,SYCP1_m1
LNRGLKKKTILKKAGIGMCVKVSSIFFINKQKP,TAF1B_m1
VVKITSKKNILNSLPSSMEIAVLQE,TBC1D23_m1
LGDKGLKKMTLKALVKTWTQFRNYPR,TCEB3_m1
STWKEVKKSLRKILDVLSSPPVTGKNKENLKNISETNISQPKLTSGRF,TCERG1_m1
MDTYSGPPQGQARDLRCPLTAPLACLHLPSPPVRSTVCAMDSLRPVRLQKYPQAAAVP,TCF1_m1
CGPCRRKKSAFATYKVKAAASAHPLQMEAY,TCF7L2_m1
ELYDRGPPMPSSWSSSGRT,TEAD2_m1
RKAMTKKK,TFAM_m1
NIISKEKKKSSGLACLPILLRNVRIWR,TFDP2_m1
AATFHVGGDLPRMLPISSPLHRPQMPFWTCTFPATTWGTWETPSTWGWRTF,TFE3_m1
KCIMKEKKSLVRLSSCVPVALMSAMTTSSSQKNITPAILTCC,TGFBR2_m1
KKEKEKKKMVKRKNPKRRKLQELLKRRKLRKNSNLSHMMIRFFWMEMRCMYGSMTQFTLKHLSWD,TLOC1_m1
SGFLKFFFIVR,TMBIM4_m1
GSHNIKKKPGTSLQCYLN,TMEM60_m1
KYEEKRKKNEGNNHWPRVEMPTGWLLVGYNTRNTAQNPRLQQHLKHWQQCTRARWCQEPCQTLTFFHFFFFFKTVSLCCPGWSKGQWHDLGSLQPPPPGLKPSSLASQVARTTGVYQHVWLICFVFFVCVETGFCHVAQVGLERLGSSDLPTSVSLSAGITDVNHWAQPKPSPSKGTGMNRPIGLRVGKGVWARL,TMEM97_m1
HGADPTKKTGMEILLWILLKMEIQIFKICLGEMQLC,TNKS2_m1
GHLGDGKKMDLDGMLTVIGQGLVGMTPRDLGTVAGATAQIQRPIQVQTGGRL,TNRC6C_m1
AAMRWRKKSSKDKNLALLREHLVGGRLFYMWISLEKQASNAFFSQEEQRCYLVILYLYLKRPHIFFLT,TOPBP1_m1
ERTNARKKIITVRGSITTMKGTDQGACLVTDQGLHLPGLTG,TOPORS_m1
DTLEQKKKVS,TRIM59_m1
SSKTFEKKGEKNDLQLFVMSDTTYKIYWTVILLNPCGNLHLKTTSL,TTK_m1
RVGIEEKKHQRCAASQQSASF,UBE4B_m1
NMQNRQKKKGKNSPCCQKKLRVQNQGHLLMILLHN,UBR5_m1
CRGKNLFFLPILMMPSKKLILYLFL,UGDH_m1
PSKVLNKKM,USP1_m1
TSNELKKKVNACS,UVRAG_m1
FSPNTGKKMLKSRQGTSGSTLTWAATWISTLLGLPSGVLWC,VDAC1_m1
IKSWIFFSVQ,VEZT_m1
QYKELYKKS,VPS13A_m1
TAKAYLKKLVCSALISLTLKGNLFTLLTLLM,VPS13C_m1
ADVKNIIFLSDPG,VPS33A_m1
VAPRRIPPHHPRCLRDA,VPS37B_m1
GKIALPEKNQEPQKKGNQLKFLLSRDNSMQLLEPYCC,VPS54_m1
HNRLIEKKSTVREALSPVQHGKCRKRRN,VRK2_m1
NRPQQPPPRLPLRPQRGPRPLHRWLQQTTGCSQRR,WASF3_m1
ELLVNMGGNRSICLT,WDTC1_m1
STKTEKPPQSQGSRRGRGGGGGAGGESQRANSA,WHSC1_m1
NLPLIWKKNVLCKQQNGLPAPEHVGWEYLTG,WISP3_m1
VREEQEKKSRKRAVSNSR,WNK1_m1
MSEKNWKQLHSSGNVLNG,WRN_m1
LTKWPKFFLTFSQ,XPOT_m1
KYCLGRFFWCTAVVAPTYFLHFTH,XRCC2_m1
QQPPAAPPPPPPSAPPTPSPALRAAAQGAVARAASHRRRLPAGTRRSSQRRFWEQ,YBX1_m1
QKKKSIEKNVKNPKVILIFLMKKQPSKVRRKEAHGLPL,ZC3H13_m1
KEPSAVKKSPSLQTQWRLKRS,ZMYND8_m1
KETWREEKNVHRQPVQIQSQSSTSILSALRVSPVRNSPCSMCCVIIPPGSSHACVQKVTSSLGIRAQGTRRSSNKPLRGDPGVIKQKVLREKVPCLCLEEPRKGLWERSPGHPRGSQSALGTASEGWS,ZNF133_m1
EKQLVEKKVLTKQKVLYK,ZNF292_m1
SLKSSKKKMVRLDLLMRYLKAIKRMKNVYLQKERRLKAGN,ZNF294_m1
IRPKMAKKSQQPL,ZNF365_m1
DKKKKDKKRRNLQRNLKVL,ZNF609_m1
KKNISEKKVTWMKRRRRNLILRKPEWIFK,ZNF638_m1
SKIGLEKKESEKWM,ZNF644_m1
LEDVEKKKEVWDQKRCSKILVDEGSVQNFLHGAPEIIPTEASE,ABCC2_m2
DDNQAPFFVYVCDAVAGCAAGPHQHRPHHHHGADDRSYARADSPSLCGSRHLLCCPVNGAVPVYGQTGI,ABCC5_m2
QQQQQQKKARYPKRQAEEGCG,ABCF1_m2
QEVVVHKKEACFKRLLAETCWNGNAL,ACVR2A_m2
SSKPAAKKGYHAR,ADNP_m2
IKVIKAKKNIEK,AIM2_m2
SPSKKQKKEKNVKQ,AKAP9_m2
SIIEELEKNSDCHGE,ANGPT2_m2
EWYRLQEKNGKRPKQIASLGC,ANKRD49_m2
YLEWINKKHHESFPLSCPPPHRCCLPCLLF,APAF1_m2
ANVSEGEKNRGK,ASH1L_m2
GRSNSKKKAEETEYQLF,ASTE1_m2
ATTAIGGGWPGWRWRRGHR,ASXL1_m2
NYRSRRKKIRLSEQELSEFSLSSSEY,ATG2B_m2
KWLLTIFFEKFSVTLMIQ,ATG3_m2
PFLFLLKKNT,ATR_m2
KRAEQLKKHLKAGCRSYTGAPQCPPPSSAG,B3GALTL_m2
CSCESSGGPPPPLPETSPSY,B4GALNT1_m2
TGNGTRPPNSQCRGTSPWSWAGLIRGSVFYQCRVLS,BAG6_m2
EALPCFFFSLFSAL,BANP_m2
PNVKVAVFWWSVYQEG,BAT1_m2
RRERDEKKC,BAT2D1_m2
DRAGRMGGGTRAGPGPGASGCVHQEAERVSQAHRGRTGQ,BAX_BAX_m2
HFDHLRAKNTQ,BCL10_m2
VTGVATKKERCSP,BEND5_m2
ETPRLGKK,BLM_m2
SSEEIKKKVQPNASQAQQKPTTHGR,BRCA1_BRCA1_m2
DVILDRKKSRTLGNCGPYCTSKAYNNQPTMETH,C15orf48_m2
RIDWGRGGPRENQPESRGRRGPSGRAAWEDKGGGGICGAWDFDWEI,C1orf34_m2
NQFFTIFFPVS,C4orf6_m2
TQVVNAKKCHSSE,C6orf80_m2
QLELLSEKNFEDS,C9orf82_m2
ELKGTKKKRT,CAMKK2_m2
WSMTSDIF,CANX_m2
LWPQIIQKSKRKLFLAFWLTVETRLFAVIHMFFGIFSGCI,CASD1_m2
GYSVDVKKSHCFGHDYRAGGICTPPRAQDL,CASP1_m2
VKKDNHKKNS,CASP5_m2
EFLRLCKKS,CASP5_m2
QKEERNQKNNRYERHRYNFEVKEVTSFLYAPQNRTACEHWRARTKGT,CCDC168_m2
ERKEKEKKDTERGAKAITLAYSILSPHELIKGRTGCVFKRNESALQSSFPRHFPYCLHGQKENQNHF,CCDC43_m2
LLVIVVLFSVLVASL,CCKBR_m2
TIPDKVKKVFFWPRKAQEGLMFKEDSLSV,CDC25C_m2
QAEGSLKKRAEF,CDC7_m2
LLEVCKKKTMVPSL,CDKL2_m2
FFRTCVKKRC,CEBPZ_m2
GELDTMSKNHGTGSVV,CENPF_m2
RLSTALKKPGEN,CENPH_m2
AIKKKKKKGKERQEGQRPPQKFAGLGFLISPSSCSSWGPGSFTRSCGYPTLCSSWISKREPGELSGVWTSAWRTHAAFTGSQDLCLYKGSLGLHI,CEP164_m2
EERLDLKKNSSNGSRKRKKKCNFRINH,CEP290_m2
PNARRIKKEVKTTRKEKF,CEP57_m2
PVDPEEKKILLNLSCQSCTF,CHD2_A10_m2
LEKSPMKKTEEEREQGEQGETNEF,CHD2_A9_m2
AESEPEQKSKSQKTCPQK,CHD2_m2
QKWQRCKK,CHD8_m2
EYSDWKEKNIPQPLEKNRFCSSSSAA,CHEK1_m2
SESNNKEKNTKEEKKEKQVFRA,CIR1_m2
LEALDGFFSNHDRWKHNICV,CLOCK_m2
QAKPSSFFADAEESIGSLCDICSCQECPCCP,COBLL1_m2
TDQTVSKKQEKK,COIL_m2
ESRFNLKKCGGGV,CRSP3_m2
SVMGPQEKSSGVPSEAGYSI,CTSC_m2
NIIRQEKK,CUL2_m2
NTYGMWGGDAGCGRPPEPAGGGQAAAATEGGCLSLGLGCRQLGLLPGPAYTAPPVGVTVGYSQAGFLPCRTLSLPPACSWRLLPRGRLFCLLKWVCCTLTGQGQSLGAVLWPRVGTCLDQNERDRVPDTFGGPDSGLDTVVDPEKRPSLQ,CYHR1_m2
LLKKSMKKSVKS,CYSLTR1_m2
LTSAGEEKN,DIAPH3_m2
LSSFYFFFFFYFCLSPPPTLLSTF,DNAH2_m2
LYFMIPFFHHFGIALPQLVPITGVCGRYLLLLCWHDLCRGGHLGTLQQDHATILHAPGVQLPLLTASAPAYHPLPSPPHTQTQYQDRQTGDELFQVQDQEPLFLGHLYFKGGREPPAGDSTPE,DPAGT1_m2
RKEELMFFVGTRTSTSEK,DSTN_m2
AVQVTKKKEETTQDSNK,EAPP_m2
YCWLYLFF,EBPL_m2
AMESQVGGPGRPGPAQRATPWYKWSH,ELAVL3_m2
CNSNDGKKGNGKKENRSWEGAGNTRNIF,EPHB2_m2
PHDTKVKKITDIATHPWLS,ERCC5_m2
AAQKCHKKHEGQIC,ESRP1_m2
HFLQGAKK,F8_m2
EMDISKKSITTERYP,FAM111B_m2
VNLVMYFFI,FBXL3_m2
PRDPTKKKEEAR,FERMT2_m2
VLLVEGKKSEEWTSQQSGLRTKGHSGQHPD,FGFBP1_m2
GDHSVLQKTKSTRKQEQRFRKRD,FILIP1L_m2
SPHVQIPPRALLRVCCHRGGPRSRTFHPPPCGV,FLCN_m2
TKCAFQPPQLSSLRPDQHLPPPAGDLRAAGGAEALDHSPELLPVPGAAVSARLLNPATPMESPAPGGHSPDSPAAPSAPPTAAARGPPAAGRCLVPALAEDAAEDTPPWGAGAPRPQSPGPAACGALTWPRPHPGEDTEAHRGESPARGCIAWTQRKLARGRSLPWAPLIPSPEWRQRQNPAPAPFTQLCTKPLSP,FLT3LG_m2
NQNKTVKKYLL,FXR1_m2
NHFSFEKKGQSGCLNIWNRIEPASTYRQYSGTK,GART_m2
KLQKTLKKNQEIYVA,GBP3_m2
NNKLSSEKTVE,GCC2_m2
GTSVLLKK,GINS1_m2
AQVIVSRGALSGSPRLRESAAV,GLYR1_m2
AQVIVSRGALSGSPRLRESAAV,GLYR1_m2
MKEELKEKS,GOLGA4_m2
SESKPPKKEKEKEAERGGRSYSI,GPATCH4_m2
ACKKLQKKNKEEER,GPRK2L_m2
YVSLAGKKTWSTD,GRB14_m2
YSQGGGKKSLLLLRR,HDAC2_m2
TDGHSEKKEKR,HMG2L1_m2
LRCQLAKKTK,HMMR_m2
QNRRMKEKN,HOXA11_m2
QGLYPGGGHGGPERGRRLRGRLWARAEFLQHALRAL,HOXB7_m2
IWLEGGTPHGCPSDSRGHPPNTGSPLPCAFRPQKDLPGCQREGKLLPPSAPHHVLPAPVAGHQPGAPDQEPQRAPGPGSVPADGWLLHAGEEAEGRAGARGLPALPAPRGRPAPEDGQVCQESRGTGDSEHLAGV,HPS1_m2
TQVRLAKKL,ICA1_m2
LKMNFTGGHLP,IGF2R_IGF2R_m2
LPPPKMPPHDPEHGPSADVQRCR,INO80E_m2
LAAQRRKKVSPSNGKTLLLSS,INTS8_m2
KQKLPKKKEAYSAATAAGISQLL,KCNC1_m2
ESNMSSKKSC,KCTD16_m2
LPKSSSQKRIQLAS,KDM5A_m2
VYSVPHFFSWSS,KIAA0391_m2
ELGFQIKKN,KIAA1333_m2
IPSDQVQKNYCLFQRESAWWKQPGNSCSGDNF,KIAA2018_m2
FPCTLLAPLPRAGPGLPGGGRPHELLPATSGSRPEPPAGRG,KIF22_m2
LHRWCSKKNAAVMNQEPAGHRTVNREDSDEQDPQEVTYAQLDHCIFTQRKITGPSQRSKRPSTDTSVCIELPNAEPRALSPAHEHHSQALMGSSRETTALSQTQLASSNVPAAGI,KIR2DL4_m2
CVSVEPKKGTRKQNSGSL,KMT2C_m2
TAKHVFEKTEAKAPEVNTS,KNTC1_m2
KASMASLKNNIPNKIRVRNGNRQWSTSKHWNEK,LARP7_m2
PVFLLIFFPFPSLPLRILPLVQHR,LENG8_m2
ERARATTKNRGPHRAGRLGRAGR,LIG3_m2
LEPESRAPRGRRRGPGLRG,LIMK2_SMT14_m2
FQQELDKKRGIPEGPPRPPRAACGGNI,LMAN1_m2
GRLSNVAPLHSPEESSISPKWRP,MAPRE3_m2
SNETPKKKEALFLQEVFQAERLLLQEEQEGGWRRR,MARCKS_m2
SAICRYFFVIWLGAR,MARS_m2
EENSLVKKRKIIEFRIKFLF,MBD4_m2
HLSSLIKKT,MCPH1_m2
LLGQEGKKCPPAALVKLGPALLSIL,MED8_m2
FENPIIIKN,MGAT4C_m2
TPNRVEKKIAAYLPM,MIS18BP1_m2
QCLDNSKK,MKI67_m2
AQTEKEKKRI,MLH3_m2
SGQLPNKKLQNEYKLWARE,MLH3_m2
QLEEQEKKAGSL,MNS1_m2
KENVRDKKGQHFYWHCGSAACHRRGCV,MSH3_MSH3_m2
ILLPEDTPLLRA,MSH6_MSH6_m2
SLVLEGKKHL,MYBL1_m2
KSKLRGPPTGNFAVMHQARKRDLFRSF,MYH11_MYH11_m2
KSKLRGPPTGNFAVMHQARKRDLFRSF,MYH11_m2
GWLHKKGGLLHAVQEKLEEALVCPPPVQADVL,MYO10_m2
NSKLRYKKGESLLGGDCAVRRGHHAEMAVASS,MYO1A_m2
LLYITAFFCWILSCKT,NDUFC2_m2
YDLAVLKKG,NFRKB_m2
NHPETPKKV,NIPBL_m2
IPLSDSPPFKMEAWTETLEALL,NKTR_m2
PNKGKSEKRENSLKR,NRIP1_m2
NKALLYKK,NTAN1_m2
VVRGSLFFPTASADQAAGLLPLQCPLALLLCPPGCNEVGLCRHFAQCGIWSYCHSAGHGRGRNVHLLVLFSDNTNGSATAFQVRAGQGLWNLCVTHWCGTRLLCATYWPLSGTPLWKQPSSHCACCHG,OR51E2_m2
GCLSQIFFHFIWMPGQFTLDRDGL,OR7C1_m2
LTKTAGVF,OSGEPL1_m2
DVAFDEKKRLCGVLCPMVWSLQTVGSHLG,P4HB_m2
RKTQKKKKEGLQDCRECHQWGNIRRK,PA2G4_m2
SLMIDRIFWPMDSGSI,PIGB_m2
LLFLAVGGPGQQALPCLRGDRHHAYPPGCAPGDWGGVRGRSEPSL,PLXNA3_m2
SLRTGEEKRRVHFQTARGLFSSSHNREQASQPKDSRTKKEPSRTEKGYAVF,PMS2_m2
KVLQKEKKGEASSII,POLD3_m2
SGYPCLPPTNGAPSVWYSWCLCRASHLQCALGTPSCPSLTLQFHMYLWALGMGPRASTCSILVYCSPTSFASSLHWESCSPT,PPRC1_m2
QDPALVPPGNCPRCLLHR,PRCC_m2
KPLSPPKKSFSFI,PRDM2_m2
KLNALKKKSASTESNSSEKQICKAEGRLEKCL,PRDM2_m2
KVLLVRLKNRSYLCNESCEKRAC,PRKCI_m2
LNIITPPPTR,PRRG1_m2
LLWGLKKKGKQQKNTSYATNDLII,PTHLH_m2
FKTSGPEKTHPWH,PTPN13_m2
KKTRVDAKNWSS,PTPN21_m2
IRPPQSPPELLAE,RAB40C_m2
STESELKKGKAA,RAD50_m2
KEELINKKYKQQNSTG,RAD50_m2
IPKIAEKK,RAPGEF6_m2
QVAPPTPPTSSYPCTPPSPSSPKTPCDHPRTNQHQDCGTCCDSSCTTHTYSSSAPSKKAASFPCFLHSTLSPYPSCSSTPANITQATELLCKTPSLSTVTGALGREADSQPVSTPSNSPCHGISALKACPSKCSSTVPSCSKSKAQVAAQLHPSPFSGLPSSPS,RAPH1_m2
FAIRRYQKSDSLKQPQNPVLEAAVGVPVEMSLPHASSSLTLVPCLRRSLDPFLCFPLSLAKV,RARRES3_m2
SLLQPGKKTSENTPF,RBBP8_m2
QQELIQKKSPDKENKAVFRGF,RECQL_m2
FPGREKLKNENRQVCTCCN,REV1_m2
VPATESEKISEETSGNSQTE,REV3L_m2
ITTPSKKKLKLAPLQVTTTLKLILVMLEIVTE,RFC3_m2
CVSNTAKKIFKIFIYEGKSEKS,RG9MTD1_m2
SIAKIGKKISEN,RGS12_m2
PGPPGTTPRAEVSQRALLHSPVPRLPRAGGHRPDLEEAVSGSGGRGHPDGGG,RGS12_m2
QEYNKQKKIGSPRRRKIWKGWNQTICKYFSACYQNCFTQ,RGS22_m2
AETEQNKKGRP,RIF1_m2
FFGVKNKKNWKGLKL,RNASEH2B_m2
TSGSEKKKV,RNPC3_m2
ACSQDEQKMGNSFSKENP,ROCK1_m2
LVVKGGKKEASSEVHS,RPL22_m2
KTPWNRQKRQNKYMETRNATVTKTPFNSYNVVTCTMKENTQCQLEPAFQAFFLIWCFLPSFPFNPQYQAQKLMD,RTN3_m2
GLEVPRRPGARTGPATKDPTAVERANLLNMAKLSIKGLIESALSFGRTLDSDYPPLQQFFVVMEHCLKHGLKVRKSFLSYNKTIWGPLELVEKLYPEAEEIGASVRDLPGLKTPLGRARAWLRLALMQKNGRLLTLLNYSEGSLE,RUFY2_m2
SIFKIKKKFIYIHCVDRGLLFPETWGFEQNNTWRQYNETSFLAIILDHWTFSGLPKTGDSFWKMTSAMLFIFTNGKPFCTESTAEWLLSLHSNGSCTIYQPC,RXFP2_m2
PHPHPHPPVPPLHPPLLSPTRCEFSGGQTHC,SAFB2_m2
GFINYCQKN,SEC31A_m2
KKKKPLKKTYTCAITTVKATETKAGKWSRWE,SEC63_m2
HAAKQKQKTESSAPGQPWGQQEI,SF3B2_m2
GLKKGNFFQNPRG,SGOL2_m2
GKEPPLGGGRHEASGRSRSRGCSTHCTQCPDPQPLGSYIACRTACWGRSRSPQTDATSTTLSRQRAF,SHC1_m2
YQTTVEKKPYDLCPSPETRSSSEET,SLAMF1_m2
LLSSVSFFCTIGRKMEKQSDLKERRLQSSES,SLC16A4_m2
LAGIFGAKNAWCWFADLFPSHPLYTTGC,SLC17A2_m2
ELEAAQKKTFSV,SLC22A9_m2
RLSCAPPPHPRNKQGNFRGRPLLCS,SLC23A2_m2
QVAKISFFLLCVVFGKFVISRSTFRHTSCYS,SLC35F5_m2
TNKEKEKKGREKERKGARKAGKTTYS,SMAP1_m2
GSEPVPEKIGTCCF,SMAP2_m2
AVPPGVPPWTPWPLTVPQPTNSSLNDARGSARQRAPRRGGPKPCHCGSCSGQPPAQCQPTARPRHPPASRPHSPEPRHGHPCATSTVRSQPDISPPHPLWTSRFQEQPFPHHWDPPQPGEFITT,SMARCC2_m2
QFNFNKKKYSGRAQTSKIREGRGRTLPESP,SMC1B_m2
MQQQPLEKNEAFSHGAI,SMG7_m2
IPPKGEKKEVQGSQCTQEASFGLFPVLL,SP100_m2
NPAMQEKKVKHLAVFQPTFQLLK,SPAG9_m2
EREAAEKKERG,SPINK5_m2
EKIKLKKKEKVLLIQFH,SREK1IP1_m2
YEMPYAGGWGPNLWPPSALGPP,SRRT_m2
KYGNLKEKSPISGGHCNLWRCIFSSASIFLQGQHGYLFQSILHARRV,ST8SIA6_m2
IAKMDRKKTKRS,SYCP1_m2
LNRGLKKKQY,TAF1B_m2
VVKITSKKTS,TBC1D23_m2
LGDKGLKK,TCEB3_m2
TSTWKEVKNH,TCERG1_m2
MDTYSGPPRARPGTCAARSQLPWPASTCPLPQ,TCF1_m2
CGPCRRKKVRSLHTR,TCF7L2_m2
ELYDRGPPCLLPGQVLGGPELGPKW,TEAD2_m2
RKAMTKKRVNTAWKTKKTSFSL,TFAM_m2
MNIISKEKRNQVDWPAYQFCSGMSESGDREAEADRTDKAEAGPAARTSPTANRFQKPGTEKSTK,TFDP2_m2
AATFHVGGTCPECSPSAAPCTALRCPSGPALSQRPPGGPGRPLPPGAGGHSDGGGGGGGGRTVGGCPVPTAGCLRSPALFSVPCCLQGQQPPQQLQHGRGVLIRPHPSPGTFPPRKGGPVRMRPRLFPHPPMRLPCPGILGEEEM,TFE3_m2
KCIMKEKKAW,TGFBR2_m2
TKKEKEKKRW,TLOC1_m2
LSGFLKFFL,TMBIM4_m2
HGSHNIKKSLVPHCNVT,TMEM60_m2
KYEEKRKKMKETTTGPG,TMEM97_m2
HGADPTKKQGWKYSFGSC,TNKS2_m2
GHLGDGKKWIWMGC,TNRC6C_m2
LAAMRWRKNPAKTRIWHC,TOPBP1_m2
ERTNARKK,TOPORS_m2
DTLEQKKKFPNGSL,TRIM59_m2
SSKTFEKKGKKMICSYS,TTK_m2
DRVGIEEKSTKDVQPASSQPASEQHPLTVHIPYCFSTTRLPNTAQVLAAAVLPSAVYAV,UBE4B_m2
MNMQNRQKRRGRTARAARRN,UBR5_m2
CRGKNLFFYQY,UGDH_m2
PSKVLNKKCRSYWTSWRTKEQSRL,USP1_m2
TSNELKKK,UVRAG_m2
FSPNTGKKC,VDAC1_m2
TIKSWIFFLSAIRKMTYFTSWILDSDSTHYIPSCNRKSCYKRMWS,VEZT_m2
QYKELYKKVNK,VPS13A_m2
MTAKAYLKN,VPS13C_m2
ADVKNIIFCQTQARVDGYNR,VPS33A_m2
VAPRRIPPTTPGACGTLSHPVYCGHEFGTGRAVPRITVPAPAPPRGPPHSARILFAVRVPISATSPSETPAPAPSTPAGFHPPVSAGAVLPGRLLPPGVLCSAHGKEAGGPLCAKGSGALGQRVCLILEL,VPS37B_m2
GKIALPEKIRSHRRKETS,VPS54_m2
AHNRLIEKSPQ,VRK2_m2
NRPQQPPPASPSGPRGVPGLCTDGSSRLRDAPSADN,WASF3_m2
ELLVNMGGTGLFV,WDTC1_m2
STKTEKPPRAREAEGEEAAAEGLAESHRGQIAP,WHSC1_m2
NLPLIWKKMSCASNKMDSLLQNMWDGNI,WISP3_m2
VREEQEKKAGREQSQTAGRTIQCFPDRNQAAPFC,WNK1_m2
MSEKIGNNCTAAEMS,WRN_m2
LTKWPKFF,XPOT_m2
KYCLGRFFGVLQ,XRCC2_m2
TQQPPAAPRRPRPQRRRHQARHYGQRRRERWPGRPHIGGACRRGQEGHRNEGFGNSKMVQCKERIWFHQQE,YBX1_m2
QKKKSIEKT,ZC3H13_m2
KEPSAVKKAQAYKPSGD,ZMYND8_m2
KETWREEKMFTGNLSRSRARALPRSFLPSGFLQSEIPHAACAV,ZNF133_m2
KQLVEKKS,ZNF292_m2
SLKSSKKKW,ZNF294_m2
IRPKMAKKANSHCEHHLKGWVVLDQSSLGFGERCSRSQQ,ZNF365_m2
DKKKKDKKEGIFKGT,ZNF609_m2
DKKNISEKR,ZNF638_m2
SKIGLEKKKAKNGCKQDNSLYRGLL,ZNF644_m2
KLESPRRAPAPACHWLARLGWRVSEEPVLSSLTSLRIELLLSSCSSRWG,RNF43_C6_m1
KLESPRRAPPLPVTG,RNF43_C6_m2
HPQRKRRGVPPSPPLALGPRMQLCTQLARFFPITPPVWHILGPQRHTP,RNF43_G7_m1
HPQRKRRGSLRAHPWLSAPGCNCAPSLPDFSPLHPQCGISLVPRGTPLDLWTSRPGQEAATRNPRPLLLKFTASVVVPDSSPAPGTTSTWGGAF,RNF43_G7_m2
